{"cameraMode":{"drawMode":0,"name":"Shaded","section":"Shading Mode"},"sceneLighting":true,"audioPlay":false,"sceneViewState":{"showFog":true,"showMaterialUpdate":false,"showSkybox":true,"showFlares":true,"showImageEffects":true,"showParticleSystems":true},"in2DMode":false,"pivot":{"x":398.0426330566406,"y":-220.39102172851563,"z":759.048095703125},"rotation":{"x":-0.01133688259869814,"y":-0.3277050852775574,"z":-0.003932589199393988,"w":0.9447042346000671},"size":9.431772232055664,"orthographic":false}